__quarterly__,y,cpi,rs,
1934-Q1,,,0.526666666667,
1934-Q2,,,0.153333333333,
1934-Q3,,,0.183333333333,
1934-Q4,,,0.25,
1935-Q1,,,0.18,
1935-Q2,,,0.15,
1935-Q3,,,0.17,
1935-Q4,,,0.17,
1936-Q1,,,0.2,
1936-Q2,,,0.2,
1936-Q3,,,0.17,
1936-Q4,,,0.12,
1937-Q1,,,0.233333333333,
1937-Q2,,,0.443333333333,
1937-Q3,,,0.293333333333,
1937-Q4,,,0.133333333333,
1938-Q1,,,0.086666666667,
1938-Q2,,,0.063333333333,
1938-Q3,,,0.07,
1938-Q4,,,0.04,
1939-Q1,,,0.03,
1939-Q2,,,0.03,
1939-Q3,,,0.076666666667,
1939-Q4,,,0.046666666667,
1940-Q1,,,0.016666666667,
1940-Q2,,,0.06,
1940-Q3,,,0.046666666667,
1940-Q4,,,0.02,
1941-Q1,,,0.056666666667,
1941-Q2,,,0.11,
1941-Q3,,,0.116666666667,
1941-Q4,,,0.233333333333,
1942-Q1,,,0.256666666667,
1942-Q2,,,0.353333333333,
1942-Q3,,,0.38,
1942-Q4,,,0.38,
1943-Q1,,,0.38,
1943-Q2,,,0.38,
1943-Q3,,,0.38,
1943-Q4,,,0.38,
1944-Q1,,,0.38,
1944-Q2,,,0.38,
1944-Q3,,,0.38,
1944-Q4,,,0.38,
1945-Q1,,,0.38,
1945-Q2,,,0.38,
1945-Q3,,,0.38,
1945-Q4,,,0.38,
1946-Q1,,,0.38,
1946-Q2,,,0.38,
1946-Q3,,,0.38,
1946-Q4,,,0.38,
1947-Q1,768.830921669201,307.731226054641,0.38,
1947-Q2,768.565345044952,309.149689553837,0.38,
1947-Q3,768.360255630446,311.307076597122,0.736666666667,
1947-Q4,769.914107456408,314.098635287349,0.906666666667,
1948-Q1,771.408917048549,316.195267746858,0.99,
1948-Q2,773.047791274611,317.777601398278,1.0,
1948-Q3,773.620665482296,319.444651094503,1.05,
1948-Q4,773.733887848866,318.525009721854,1.14,
1949-Q1,772.347710817458,317.56899274186,1.17,
1949-Q2,772.007475195648,317.457556597162,1.17,
1949-Q3,773.036106963596,316.617803586775,1.043333333333,
1949-Q4,772.194772389508,316.378585855024,1.076666666667,
1950-Q1,776.051135900663,316.068158062348,1.103333333333,
1950-Q2,779.056450887842,316.828403875214,1.153333333333,
1950-Q3,782.848693533777,318.649036472405,1.22,
1950-Q4,784.745545907986,320.653330166981,1.336666666667,
1951-Q1,786.094364313009,324.636128180306,1.366666666667,
1951-Q2,787.811668475219,325.604314920964,1.49,
1951-Q3,789.850726345627,325.552914251624,1.603333333333,
1951-Q4,790.069441053258,327.020245203354,1.61,
1952-Q1,791.13071566511,327.399512408928,1.566666666667,
1952-Q2,791.344786171855,327.664146171834,1.646666666667,
1952-Q3,792.063428264389,328.341434600577,1.783333333333,
1952-Q4,795.294604527897,328.453871366748,1.893333333333,
1953-Q1,797.136575573779,328.166281296697,1.98,
1953-Q2,797.906694047776,328.541234866844,2.153333333333,
1953-Q3,797.342589996608,329.001749713934,1.956666666667,
1953-Q4,795.817297609223,329.175447028077,1.473333333333,
1954-Q1,795.338583110228,329.410697554452,1.06,
1954-Q2,795.447935949448,329.249796473882,0.79,
1954-Q3,796.571292023779,328.989331210348,0.883333333333,
1954-Q4,798.509353837291,328.678366347538,1.02,
1955-Q1,801.325909973208,328.815310035295,1.223333333333,
1955-Q2,802.940352419061,328.678366347538,1.483333333333,
1955-Q3,804.282131525697,328.753086151761,1.856666666667,
1955-Q4,804.881000853782,329.0514083121,2.336666666667,
1956-Q1,804.49220332689,329.063819109509,2.326666666667,
1956-Q2,805.315382056812,329.719396941414,2.566666666667,
1956-Q3,805.225638412086,330.749701652173,2.583333333333,
1956-Q4,806.858151405629,331.600253559892,3.033333333333,
1957-Q1,807.496378270166,332.419633972601,3.096666666667,
1957-Q2,807.276997567094,333.268058730869,3.14,
1957-Q3,808.252149303261,334.15653226478,3.353333333333,
1957-Q4,807.212222399553,334.638914516716,3.31,
1958-Q1,804.582030516584,335.817389155372,1.756666666667,
1958-Q2,805.236781186374,336.487911898804,0.956666666667,
1958-Q3,807.523545354905,336.430284973911,1.68,
1958-Q4,809.834857554276,336.533989540444,2.69,
1959-Q1,811.735094534834,336.706591850138,2.773333333333,
1959-Q2,813.963513380896,336.878896757509,3.0,
1959-Q3,814.033215809771,337.394037270514,3.54,
1959-Q4,814.317791196556,337.997374521053,4.23,
1960-Q1,816.541509546592,338.088128923198,3.873333333333,
1960-Q2,816.001697900631,338.6873054374,2.993333333333,
1960-Q3,816.490432882994,338.743646641212,2.36,
1960-Q4,815.198998500562,339.383702725586,2.306666666667,
1961-Q1,815.8717484219,339.584977533556,2.35,
1961-Q2,817.555350650173,339.551459852666,2.303333333333,
1961-Q3,819.457510137888,339.941802176208,2.303333333333,
1961-Q4,821.400186991568,340.086399276092,2.46,
1962-Q1,823.168129575974,340.47466311733,2.723333333333,
1962-Q2,824.06881558519,340.850395684459,2.716666666667,
1962-Q3,825.290884477019,341.136771031623,2.84,
1962-Q4,825.619745009363,341.378449716763,2.813333333333,
1963-Q1,826.705915191659,341.696136350823,2.906666666667,
1963-Q2,827.822077195644,341.881898301198,2.94,
1963-Q3,829.997082523418,342.491390827947,3.293333333333,
1963-Q4,830.650845573819,342.762290923184,3.496666666667,
1964-Q1,832.737633491249,343.172658669698,3.53,
1964-Q2,833.820814228493,343.334183498872,3.476666666667,
1964-Q3,835.371332978279,343.559880837949,3.496666666667,
1964-Q4,835.680047052232,344.020439676996,3.683333333333,
1965-Q1,838.071139348044,344.329855768079,3.89,
1965-Q2,839.326694985088,344.967003511293,3.873333333333,
1965-Q3,841.525503502269,345.262955529443,3.866666666667,
1965-Q4,843.80326611764,345.78927253387,4.166666666667,
1966-Q1,846.207955617912,346.71931737977,4.61,
1966-Q2,846.548844397244,347.620177730508,4.586666666667,
1966-Q3,847.392111456069,348.482340517398,5.043333333333,
1966-Q4,848.209167869588,349.296594380051,5.21,
1967-Q1,849.091061049586,349.549694996056,4.513333333333,
1967-Q2,849.152393706652,350.154535549644,3.66,
1967-Q3,850.094022461429,351.154543883102,4.3,
1967-Q4,850.845048509096,352.243124647627,4.753333333333,
1968-Q1,852.86380484729,353.222564406856,5.05,
1968-Q2,854.520380554153,354.192504115727,5.52,
1968-Q3,855.291915118027,355.534806148941,5.196666666667,
1968-Q4,855.683919873452,356.765299667979,5.586666666667,
1969-Q1,857.236239475486,357.980835905957,6.093333333333,
1969-Q2,857.539134232,359.548410651438,6.196666666667,
1969-Q3,858.196918435515,360.911448564507,7.023333333333,
1969-Q4,857.707513751732,362.434093297637,7.353333333333,
1970-Q1,857.558511084194,364.021428213266,7.21,
1970-Q2,857.700129173441,365.41154616776,6.676666666667,
1970-Q3,858.617376949429,366.441598193556,6.326666666667,
1970-Q4,857.540021083269,367.882911826044,5.353333333333,
1971-Q1,860.219937601735,368.721139701324,3.84,
1971-Q2,860.759297127949,369.635146895264,4.25,
1971-Q3,861.578380289798,370.622809244855,5.01,
1971-Q4,861.812969555017,371.357206670431,4.23,
1972-Q1,863.633512557391,372.166927693693,3.436666666667,
1972-Q2,865.877434758329,372.810016726722,3.77,
1972-Q3,866.817095715691,373.608105559823,4.22,
1972-Q4,868.477667438493,374.63618895273,4.863333333333,
1973-Q1,870.922478616893,376.197500918449,5.7,
1973-Q2,872.005337909907,378.26733334003,6.603333333333,
1973-Q3,871.478112185553,380.220813942094,8.323333333333,
1973-Q4,872.422866138671,382.719106991145,7.5,
1974-Q1,871.559444090558,385.651029549789,7.616666666667,
1974-Q2,871.796859048768,388.293742453305,8.153333333333,
1974-Q3,870.847085561404,391.068878241501,8.19,
1974-Q4,870.457923535122,394.093434892257,7.36,
1975-Q1,869.232815305208,396.208220530088,5.75,
1975-Q2,869.94497460976,397.40583963476,5.393333333333,
1975-Q3,871.642528895607,399.391016490033,6.33,
1975-Q4,872.980629164007,401.216995403308,5.626666666667,
1976-Q1,875.205169394272,402.356438016105,4.916666666667,
1976-Q2,875.935867320529,403.246915850401,5.156666666667,
1976-Q3,876.481782075384,404.830062372069,5.15,
1976-Q4,877.201787376241,406.273922280677,4.673333333333,
1977-Q1,878.381039928542,408.092154188996,4.63,
1977-Q2,880.304348718904,409.822590893007,4.84,
1977-Q3,882.091449493444,411.196616357192,5.496666666667,
1977-Q4,882.093442253231,412.659660605929,6.11,
1978-Q1,882.412773985872,414.36636869963,6.393333333333,
1978-Q2,886.204734428124,416.614829435108,6.476666666667,
1978-Q3,887.205459187866,418.914956394041,7.313333333333,
1978-Q4,888.540631382151,421.212759787848,8.57,
1979-Q1,888.72006411908,423.700086262362,9.383333333333,
1979-Q2,888.826752475034,426.829786934554,9.376666666667,
1979-Q3,889.566811954632,430.000279919529,9.673333333333,
1979-Q4,889.816545031333,433.117184062223,11.843333333333,
1980-Q1,890.130622445376,436.986970440325,13.353333333333,
1980-Q2,888.048664462219,440.305400186596,9.616666666667,
1980-Q3,887.929739024156,442.164790861762,9.153333333333,
1980-Q4,889.777485872749,444.929579920898,13.613333333333,
1981-Q1,891.717958540785,447.65789516151,14.39,
1981-Q2,890.97412322575,449.721371114944,14.906666666667,
1981-Q3,892.164511976442,452.46829350754,15.053333333333,
1981-Q4,891.068935664419,454.08094268277,11.75,
1982-Q1,889.503095481728,454.965747605783,12.813333333333,
1982-Q2,889.958235275866,456.400090895002,12.42,
1982-Q3,889.575235933061,458.121896516558,9.316666666667,
1982-Q4,889.615236719642,458.428697507167,7.906666666667,
1983-Q1,890.924419807141,458.496747867057,8.106666666667,
1983-Q2,893.174436261632,459.646574535794,8.396666666667,
1983-Q3,895.153674092315,460.616968632117,9.14,
1983-Q4,897.218393919715,461.611012602643,8.8,
1984-Q1,899.154323629772,463.018794896338,9.17,
1984-Q2,900.867329139832,463.957161270542,9.796666666667,
1984-Q3,901.82672225793,464.822967544854,10.32,
1984-Q4,902.644145179845,465.681341913993,8.803333333333,
1985-Q1,903.60845991146,466.595165824795,8.183333333333,
1985-Q2,904.485079918946,467.500714557687,7.46,
1985-Q3,906.000805956328,468.120487226409,7.106666666667,
1985-Q4,906.741505139198,469.134788222914,7.166666666667,
1986-Q1,907.670920294559,469.653319200206,6.896666666667,
1986-Q2,908.120205849066,469.165364587623,6.14,
1986-Q3,909.072326794417,469.774936728118,5.523333333333,
1986-Q4,909.607286211128,470.471381632435,5.353333333333,
1987-Q1,910.346393010482,471.6711560721,5.536666666667,
1987-Q2,911.418799762557,472.797761524964,5.656666666667,
1987-Q3,912.282239395865,473.853489805552,6.043333333333,
1987-Q4,913.98462312912,474.782648638961,5.863333333333,
1988-Q1,914.500174417196,475.55996650135,5.723333333333,
1988-Q2,915.805648184748,476.70055485739,6.21,
1988-Q3,916.389907705226,477.912349311153,7.01,
1988-Q4,917.713564642629,478.998862298063,7.726666666667,
1989-Q1,918.72482903525,480.128506491438,8.54,
1989-Q2,919.485031815285,481.732019582744,8.41,
1989-Q3,920.223037466994,482.510860635335,7.843333333333,
1989-Q4,920.41982476909,483.522314560324,7.653333333333,
1990-Q1,921.506778015299,485.229064668375,7.76,
1990-Q2,921.869090898983,486.213528577781,7.746666666667,
1990-Q3,921.935650422545,487.92603049204,7.476666666667,
1990-Q4,921.021076357738,489.609698860476,6.99,
1991-Q1,920.552037442887,490.354488797862,6.023333333333,
1991-Q2,921.328702632293,490.946352424507,5.56,
1991-Q3,921.832788667634,491.705694713669,5.376666666667,
1991-Q4,922.180727502445,492.531944857737,4.54,
1992-Q1,923.370869344587,493.207297159315,3.893333333333,
1992-Q2,924.449336203858,493.973584433872,3.68,
1992-Q3,925.432596503733,494.734044372394,3.083333333333,
1992-Q4,926.470051876064,495.606177183776,3.07,
1993-Q1,926.63685640227,496.331072208843,2.96,
1993-Q2,927.217339279613,497.050750300548,2.966666666667,
1993-Q3,927.693359327089,497.512325087267,3.003333333333,
1993-Q4,929.044341629097,498.337828513924,3.06,
1994-Q1,930.010026832355,498.838968514894,3.243333333333,
1994-Q2,931.356108989889,499.405413894884,3.986666666667,
1994-Q3,931.93899147983,500.327493968996,4.476666666667,
1994-Q4,933.078049666508,500.9078527408,5.28,
1995-Q1,933.43220231259,501.639644453133,5.736666666667,
1995-Q2,933.730081059099,502.453819926525,5.596666666667,
1995-Q3,934.577208285169,502.956608175569,5.366666666667,
1995-Q4,935.253994959862,503.500265054455,5.26,
1996-Q1,936.000253632962,504.38551319764,4.93,
1996-Q2,937.654440313853,505.241682811121,5.02,
1996-Q3,938.547474607124,505.815481006423,5.096666666667,
1996-Q4,939.580490112061,506.680556556331,4.976666666667,
1997-Q1,940.223859245869,507.287951868045,5.06,
1997-Q2,941.875364346136,507.517381523383,5.046666666667,
1997-Q3,943.116202978074,508.016135674487,5.046666666667,
1997-Q4,943.966438483011,508.553660226937,5.09,
1998-Q1,944.965187471646,508.759633523238,5.053333333333,
1998-Q2,945.886617119838,509.088310893901,4.976666666667,
1998-Q3,947.137698627532,509.599716324739,4.823333333333,
1998-Q4,948.734084876585,510.067910564219,4.253333333333,
1999-Q1,949.669133389329,510.43280048864,4.406666666667,
1999-Q2,950.500411574286,511.178696498003,4.453333333333,
1999-Q3,951.817581902864,511.91907006506,4.65,
1999-Q4,953.444935469971,512.654002362975,5.043333333333,
2000-Q1,953.807072370776,513.638649940182,5.52,
2000-Q2,955.611973405274,514.419446411276,5.713333333333,
2000-Q3,955.713854075646,515.329159449778,6.016666666667,
2000-Q4,956.309117654135,516.039539705077,6.016666666667,
2001-Q1,955.980780409221,516.991565174351,4.816666666667,
2001-Q2,956.603341400698,517.69027446576,3.66,
2001-Q3,956.201897496516,517.972150063463,3.17,
2001-Q4,956.476296126752,517.897060891547,1.906666666667,
2002-Q1,957.309176683642,518.215801200775,1.72,
2002-Q2,957.920013852988,518.998948966241,1.713333333333,
2002-Q3,958.325701257726,519.536136513482,1.643333333333,
2002-Q4,958.449229982124,520.12556537049,1.333333333333,
2003-Q1,958.974490058709,521.14877912133,1.156666666667,
2003-Q2,959.856213103996,520.985038522571,1.04,
2003-Q3,961.50573336259,521.728806123595,0.93,
2003-Q4,962.65977006733,522.107628620459,0.916666666667,
2004-Q1,963.22482209122,522.950305054768,0.916666666667,
2004-Q2,963.996787083114,523.732809492161,1.076666666667,
2004-Q3,964.940910071632,524.368517089497,1.486666666667,
2004-Q4,965.955949203745,525.436547901885,2.006666666667,
2005-Q1,967.059204256668,525.940327304881,2.536666666667,
2005-Q2,967.550619287531,526.61384681838,2.863333333333,
2005-Q3,968.331377457644,528.117120771307,3.36,
2005-Q4,968.885356694852,529.045319149123,3.826666666667,
2006-Q1,970.221770539623,529.564713799216,4.393333333333,
2006-Q2,970.480189114513,530.463072860463,4.703333333333,
2006-Q3,970.630032718521,531.402666025322,4.906666666667,
2006-Q4,971.485810275062,530.991650239139,4.903333333333,
2007-Q1,971.786194336776,531.9672709326,4.983333333333,
2007-Q2,972.396092628244,533.093459383211,4.736666666667,
2007-Q3,972.970465739174,533.724476745872,4.303333333333,
2007-Q4,973.596737290394,534.943656244799,3.39,
2008-Q1,973.169059731391,536.02102034475,2.043333333333,
2008-Q2,973.762722324522,537.31356815866,1.626666666667,
2008-Q3,973.236079944244,538.843682511081,1.493333333333,
2008-Q4,971.022738670296,536.526859975363,0.296666666667,
2009-Q1,969.881375534305,535.836613631899,0.213333333333,
2009-Q2,969.702564812542,536.366961901645,0.173333333333,
2009-Q3,970.053141967256,537.223674949136,0.156666666667,
2009-Q4,971.128255505181,538.003559283289,0.056666666667,
2010-Q1,971.611586527249,538.161937231884,0.106666666667,
2010-Q2,972.57452150951,538.126661536625,0.146666666667,
2010-Q3,973.34264878001,538.419379417067,0.156666666667,
2010-Q4,973.866385144455,539.225842771885,0.136666666667,
2011-Q1,973.62889847085,540.287405922672,0.126666666667,
2011-Q2,974.303202217717,541.418004097202,0.046666666667,
2011-Q3,974.280886992138,542.067953159985,0.023333333333,
2011-Q4,975.397676673284,542.515851263171,0.013333333333,
2012-Q1,976.232770855164,543.077443229004,0.066666666667,
2012-Q2,976.678112481796,543.288322392935,0.086666666667,
2012-Q3,976.822036858282,543.738776551434,0.103333333333,
2012-Q4,976.937610599857,544.401527932776,0.086666666667,
2013-Q1,977.919336526409,544.802676992004,0.086666666667,
2013-Q2,978.186615352922,544.693131837467,0.05,
2013-Q3,979.034405008172,545.232517902738,0.033333333333,
2013-Q4,979.902369031998,545.601603054336,0.063333333333,
2014-Q1,979.556676217032,546.222458193086,0.046666666667,
2014-Q2,980.840245239947,546.752131807763,0.033333333333,
2014-Q3,982.048310072526,547.007639124299,0.026666666667,
2014-Q4,982.552768674069,546.758886273101,0.023333333333,
2015-Q1,983.449223461761,546.10950125758,0.026666666667,
2015-Q2,984.066718120015,546.789135051949,0.02,
2015-Q3,984.466164331584,547.166124430964,0.04,
2015-Q4,984.650473504294,547.15855650886,0.123333333333,
2016-Q1,985.228320156142,547.09644988676,0.286666666667,
2016-Q2,985.548929722409,547.893052040794,0.256666666667,
2016-Q3,986.255815641519,548.316628243326,0.296666666667,
2016-Q4,986.80858417014,548.949404521174,0.43,
2017-Q1,987.294292903244,549.650680441684,0.59,
2017-Q2,987.852604004542,549.765990767629,0.89,
2017-Q3,988.638035530227,550.242895352907,1.036666666667,
2017-Q4,989.758778307166,551.035278368007,1.206666666667,
2018-Q1,990.568897762083,551.874389676776,1.56,
2018-Q2,991.09831899246,552.4173236199,1.84,
2018-Q3,991.720079474982,552.818360322306,2.04,
2018-Q4,991.861623473301,553.224654332408,2.316666666667,
2019-Q1,992.484000764028,553.491270222514,2.386666666667,
2019-Q2,993.315678557317,554.223300971629,2.3,
2019-Q3,994.478888815408,554.55263419411,1.98,
2019-Q4,995.158452412214,555.25253821421,1.576666666667,
2020-Q1,993.833390441417,555.612382407844,1.11,
2020-Q2,985.62906983739,554.631741946111,0.143333333333,
2020-Q3,993.104819473635,555.76835515196,0.113333333333,
2020-Q4,994.231958439339,556.487155894399,0.093333333333,
2021-Q1,995.618123092813,557.497261643731,0.05,
2021-Q2,997.305694446989,559.303835758448,0.026666666667,
2021-Q3,998.127362361181,560.884766883469,0.046666666667,
2021-Q4,999.828564670152,563.039185198341,0.053333333333,
2022-Q1,999.573440878857,565.215813132595,0.306666666667,
2022-Q2,999.729865473942,567.540128986208,1.076666666667,
2022-Q3,1000.449171806472,568.85097717425,2.663333333333,
2022-Q4,1001.137040941504,569.890950991433,4.04,
2023-Q1,1001.858284611429,570.7875199133,4.626666666667,
2023-Q2,1002.48419366623,571.504437626741,5.073333333333,
2023-Q3,1003.63119640584,572.354915359383,5.29,
2023-Q4,1004.471711308486,573.073269952275,5.283333333333,
2024-Q1,1004.681352749951,573.980363023541,5.233333333333,
2024-Q2,1005.562941604224,574.646087831557,5.243333333333,
2024-Q3,1006.38433691913,574.977826199836,4.99,
2024-Q4,1006.843157411962,575.760019111853,4.4,
2025-Q1,1006.68050880632,576.667902349477,4.21,
2025-Q2,1007.622061967116,577.077319502743,4.23,
2025-Q3,1008.692656807376,577.837961286298,4.096666666667,
2025-Q4,1008.812929062657,578.459180365203,3.73,
2026-Q1,1009.305475446307,579.336009306684,3.593333333333,
